{
  "type": "mlp_market_sentiment",
  "version": "2.0.0",
  "created_at": "2026-05-25T11:43:25.304070+00:00",
  "classes": [
    "bearish",
    "neutral",
    "bullish",
    "stressed"
  ],
  "class_scores": {
    "bearish": -0.65,
    "neutral": 0.0,
    "bullish": 0.65,
    "stressed": -0.9
  },
  "feature_names": [
    "spread_bbo",
    "book_vol_imbalance",
    "trade_direction_imbalance",
    "log_trades",
    "state_liquidity_stress",
    "state_active_cancellations",
    "state_buy_pressure",
    "state_sell_pressure",
    "spread_delta",
    "book_imbalance_delta",
    "trade_direction_delta",
    "spread_ma_3",
    "spread_ma_6",
    "book_imbalance_ma_3",
    "trade_direction_ma_3",
    "trades_ma_3",
    "stress_ratio_6"
  ],
  "normalization": {
    "mean": [
      2.6353611715812386,
      0.1194062932911142,
      -0.08170235503661191,
      4.419598987255312,
      0.9413021967148228,
      0.008311893924401346,
      0.0,
      0.0,
      -0.0005145458143677023,
      -3.958044725905407e-06,
      3.1268553334652654e-05,
      2.635908701101656,
      2.6368500560723,
      0.11940959166171912,
      -0.08174008839633219,
      246.28648327726103,
      0.9413021967148228
    ],
    "std": [
      1.5641363098455119,
      0.301904968016455,
      0.450489369623382,
      2.2925093574689415,
      0.2350582293276961,
      0.0907899022126957,
      1.0,
      1.0,
      0.12505186905703233,
      0.0035039747535677975,
      0.04871224135533485,
      1.5629486289851215,
      1.5625596125702057,
      0.3018824670165393,
      0.44951212934280205,
      206.32551063190712,
      0.23407861543447198
    ]
  },
  "architecture": {
    "input_size": 17,
    "hidden_size": 16,
    "output_size": 4,
    "activation": "tanh",
    "output": "softmax"
  },
  "weights": {
    "w1": [
      [
        -0.4706658518440611,
        -0.3692484676382264,
        -0.2484575219030867,
        -0.4549430858105583,
        0.2846814093920294,
        -0.15371460868201495,
        0.7151817718131586,
        -0.16765805806574313,
        0.09750156410479108,
        -0.5306205590459242,
        0.04623146794084307,
        0.2789439135241893,
        -0.3640717936946669,
        -0.12178403728769578,
        0.06006169551972657,
        -0.5598586221983073
      ],
      [
        -0.42547862226341676,
        -0.05117177845445816,
        0.15274534595622138,
        -0.4581042794491639,
        0.43153447547518703,
        0.30215002550426184,
        0.2652413604535622,
        -0.04465840381309769,
        0.2765180222827807,
        -0.4098385604137252,
        -0.42889265036439594,
        0.08348011058750626,
        0.29249012430187565,
        0.10654285968363322,
        0.33250335883730786,
        0.27514454290517215
      ],
      [
        0.3653093280141327,
        0.29122677396227004,
        -0.1210681295884481,
        -0.1496627674675011,
        0.2309679193944342,
        -0.03457590646043069,
        -0.021581085490954395,
        0.02980369335762319,
        0.09896060770318851,
        -0.23966732465284388,
        -0.8580262552668237,
        -0.048888197864677053,
        -0.4031124729934783,
        -0.06467047297890952,
        -0.27881413322994675,
        -0.04788016828797505
      ],
      [
        -0.1864030780263812,
        -0.06515406516446079,
        0.12082121731031105,
        -1.0538915015557178,
        -0.013678868888785565,
        0.7288288121679555,
        0.278113144751313,
        0.17860455105542558,
        -0.2907064372708526,
        0.18149039351321922,
        -0.7320135407665846,
        -0.1404892467536726,
        0.3177333149450821,
        0.11331828722382482,
        0.09178091361609109,
        0.6040710691637436
      ],
      [
        -0.10231157184448693,
        0.0554437092839079,
        -0.4936929553123165,
        -0.6100754334069584,
        0.10301060868086732,
        -0.012484576658651849,
        -0.04596741298907698,
        0.5158001052028126,
        0.641580457773154,
        -0.07710359562690206,
        0.27324606689055286,
        -0.20594193033645608,
        0.44391407350789314,
        -0.0007228666105854244,
        -0.254423456518419,
        0.4420235527713885
      ],
      [
        0.1761078913921752,
        -0.011305723659169695,
        0.15898554596705453,
        0.3306350708908951,
        -0.1742073385753624,
        -0.19965926212383137,
        0.25811240244794165,
        -0.06325481490621405,
        -0.3908967085683349,
        -0.17449249932290878,
        -0.3294394920823005,
        -0.25223042853541167,
        0.02222443655404409,
        -0.032837736923337656,
        -0.2086812145929839,
        -0.25944538515642235
      ],
      [
        0.340336459080501,
        0.019972275967410913,
        0.32315710100785605,
        0.24749283392540827,
        -0.33512125420828304,
        0.1514139189214152,
        0.12465228477512297,
        0.02536143742943775,
        -0.15995660005604867,
        0.09669899606232157,
        -0.2664730105199603,
        -0.04475066884949891,
        -0.03174527556072132,
        0.31131515794000236,
        0.25783298998604803,
        -0.1623137721016556
      ],
      [
        0.0004020702354388672,
        -0.22044299130915349,
        0.28306036255218864,
        0.25417364198412556,
        -0.13826573237865103,
        0.09531856710314474,
        0.07475294833730634,
        -0.23815029704310442,
        0.1800809231900658,
        0.027013791799200215,
        0.19113618747352085,
        0.02082244734140981,
        -0.3426048527778545,
        -0.12062794971831417,
        -0.3296362352355962,
        0.29435922230396067
      ],
      [
        0.21260114184165127,
        0.21100523422610884,
        0.007160972516177246,
        -0.11138305535975,
        0.2529013884797756,
        0.33815030170566357,
        -0.21896399370230624,
        -0.07116984634149325,
        -0.004006307296241784,
        0.08966389567438944,
        0.09519658636845048,
        -0.2373855126402424,
        -0.03440501121143775,
        -0.16551449294669454,
        -0.036979835031552895,
        0.2241985162153554
      ],
      [
        -0.09470592472548241,
        -0.20613859651396688,
        -0.009366312477345805,
        0.17320705054732377,
        -0.1875766692062641,
        -0.07952490776761592,
        0.37437668451620204,
        0.10764295658811984,
        0.0781003355944782,
        -0.013351615496788014,
        -0.17853428017939574,
        -0.1451085859524136,
        -0.15049288649020037,
        0.0003846315703490608,
        -0.015345852639004065,
        -0.13405330695117235
      ],
      [
        -0.313159688276269,
        -0.009605326423891093,
        -0.0164068496645881,
        0.38169008349629613,
        0.22267217254351612,
        -0.33818638239697346,
        -0.03265795328355553,
        0.22513896200340913,
        0.019211254210203053,
        -0.07765543043729813,
        0.3086851913530322,
        0.0043410347478077685,
        -0.030714898909772293,
        0.09122335267072068,
        0.013812394600268443,
        -0.4049635654177578
      ],
      [
        -0.7422756992869896,
        -0.08467491157915198,
        -0.03802645228268656,
        -0.22175801139031787,
        0.1066674594177385,
        -0.1644582081816942,
        0.6942692776083048,
        -0.20302466487532245,
        -0.06379364891423252,
        -0.1338863227588894,
        0.43877057863159524,
        -0.003780749741056442,
        -0.27178059107999514,
        0.02298983768080053,
        -0.0875071390025819,
        -0.7487028221578054
      ],
      [
        -0.5286752801060199,
        0.26338870614507776,
        0.17368717895719915,
        0.14660069390937452,
        -0.3000984546685931,
        -0.5796845630146924,
        0.6087613382741728,
        0.23496866484723783,
        0.08779510808476763,
        0.5358448969462026,
        0.3548614629832572,
        -0.217978421907564,
